186645;4023005
1573610;190363
128204;801818
138537;716260
1088647;1442921
173928;260453
171245;4723751
2605378;5189838
2671638;3733629
231361;600655
1557594;3402799
3650761;5296904
1524496;49391
10346331;2037311
2037311;372402
4545925;7869166
1190072;91293
111251;343107
161459;31717
246103;5594710
2406615;343107
3391420;399844
6918884;9071560
1534649;4023005
1172267;2345471
5159818;7601004
246103;253237
173559;442374
637714;64996
1297785;4897089
1584370;3391420
2648873;4144334
111251;762013
1152927;4023005
60981;64996
420920;6511450
1833361;5082
5380149;9936246
1013641;645947
1536145;3255771
1448613;3273342
2590870;7262
1932804;5335890
8263017;9936246
468;660957
6707322;7262
171245;399844
514609;6553902
4594825;712232
217367;9362801
2236273;3650761
124427;5432911
1336287;507678
1595069;2022803
2904578;7328658
4023005;6400214
105719;3705263
10363691;7473806
2438096;8558416
239513;46809
1744347;9014669
10008950;838297
1484325;5158645
613615;9866
1698144;4522109
253237;260453
1341245;357170
1526452;6708128
1584370;95454
2064514;762013
1336287;780485
2689724;5296904
5438380;7882662
173559;1827803
260453;3705263
240830;33324
240172;2590870
1120448;744411
240172;5829623
1297785;5146805
1172267;153937
1267639;2648873
1493976;9773247
323199;698552
105719;1740742
1633301;365596
5798223;8558416
1826692;238531
173219;4023005
2345471;246103
208340;260453
315596;700165
103510;4084891
170917;2377685
2848257;3366218
1056502;4560482
260453;425310
6078550;9936246
1183856;672767
2590870;9071560
1231514;174077
260453;325780
10364065;10364081
1041983;1922238
105719;9014669
5380149;9394378
141294;2150079
2590870;95454
1931443;248011
1702391;9518166
260453;798082
239513;716260
1592066;4356778
1138235;3481559
253237;573318
2643171;4804673
171245;2689724
153937;9014669
10348242;9351018
1331706;1728602
10316849;758738
634009;798082
3639013;4023005
317464;852181
4023005;725623
343107;5855365
10363772;1448613
1095675;126646
325780;762013
366321;488342
4266227;4947384
1702391;4023005
1383831;893082
5062162;5967271
16184;536740
1172267;325780
399844;4723751
5594710;613615
9402690;993322
1835769;3650761
1172267;1383831
1297785;3255771
4404526;8288311
343107;9014669
1694630;578021
240172;31698
1919659;4106278
1383096;4310946
10346331;45868
10331934;1642260
171245;5296904
1117699;8558416
2406615;5594710
1297785;1438562
1640669;335567
10363772;2590870
1183856;130532
1744347;2064514
1642260;7262
1218704;1744347
3908832;7677213
8500479;9256787
4419146;79640
9259948;9901767
5349674;78827
1642260;5829623
777820;9866
116642;275871
1536145;217367
1484325;822933
4723751;95454
1380862;5095435
2022803;5967271
323199;660957
311413;9946281
3081584;6898585
1584370;5151456
1643919;81981
3273342;5146805
163584;325780
439401;450201
4770403;483094
2495894;811085
2829600;343107
649076;8122315
4144334;4523221
111251;613615
3739808;4356778
2438096;777820
33324;468
2199416;2354108
2668221;63877
1846531;878187
325780;5855365
31827;7515089
10363772;4404526
64996;7378925
1172267;9014669
10349245;1438562
3705263;672767
7216884;943335
1297785;777820
1520965;5855365
10346331;103584
634009;700165
1642260;3908832
3403235;6046640
1056502;4129613
1438562;2438096
6708128;7419955
2236273;7262
1383831;4356778
6949040;785706
5829623;95454
130532;315596
535829;809093
1035296;3639013
2421925;5296904
190363;678465
140111;8263017
1297785;1633487
1768228;81981
103584;8062498
105719;325780
246103;762013
253237;9014669
2022803;8558416
3391420;3908832
1429460;2641501
6046640;6345702
1334295;3610253
5450495;79476
10363264;855464
3650761;399844
133808;2776956
6411463;6662066
240172;9518166
5798223;81981
4195632;4275617
1429460;2666257
10363772;4897089
10363772;8288311
4043781;4549053
736345;9918583
10363772;3366218
31698;5296904
3228111;5404033
1536145;2421925
1383831;2064514
483094;7216884
10363427;10363545
1383831;325780
1584370;399844
9054736;9153733
2273156;785706
10358468;4009945
240830;380079
3273342;5380149
130532;9014669
130532;5823644
343107;655297
1448613;7216884
1297785;217367
3273342;95454
3733629;6995870
1825381;494524
2421925;3391420
4805832;5062162
140111;7598390
1768228;843548
2650234;585534
1297785;8558416
1751865;9071560
1740742;777820
6038508;912649
130532;1493976
7216884;950086
697964;7391135
2829600;634009
31698;3255771
246103;893082
5151456;5380149
208340;2406615
697964;8173478
1228432;660957
573318;798082
203366;2354108
2345471;762013
2848257;5296904
138537;678465
130532;777820
2064514;325780
111324;8288311
635925;780485
613615;672767
5563875;6345702
1120448;2495894
31698;5829623
1183856;9014669
4805832;9687829
10346331;9936246
1774379;2023360
1744347;613615
2236273;399844
2406615;762013
5662642;6278969
1595069;3639013
4549053;6563111
383250;9130785
10179291;893082
1536145;1642260
4023005;535829
4433348;950086
701169;77956
5967271;8558416
10359056;9402747
3639013;577867
153937;893082
159840;8544506
4897089;7216884
1536145;7216884
3828743;4081722
399844;9936246
4031291;8108735
153937;2345471
343107;777820
5348175;5615294
3273342;5151456
3639013;5296904
573318;5823644
1383831;2829600
1172267;613615
1744347;425310
10363772;5380149
105719;613615
731515;801818
1584370;4897089
1692113;5062162
10363772;1318952
2641587;483094
10288604;5384588
6460795;7110160
6632271;735220
2848257;9071560
1232405;787518
217367;5296904
10282971;8941339
814300;956903
10359439;4253551
2689724;3908832
1232405;79476
103584;140111
323199;468
4951333;557294
2421925;4723751
260453;893082
173928;425310
166301;245394
3639013;4723751
1592066;8288311
10362685;92454
2421925;3650761
10179291;762013
323388;7018048
260453;9014669
660957;79476
1013641;2145986
3639013;9362801
8589210;9362801
2142408;6478551
111324;1595069
1691889;8816403
217367;6078550
3273342;9936246
7216884;9936246
1297785;3650761
1556963;2923194
1176475;6071885
1005679;6078550
1943676;7262
1633487;5829623
639601;834636
1642260;3273342
609896;98330
3650761;4770403
1438562;4988087
1507086;952783
4081722;4549053
1592066;4404526
5855365;634009
170917;5924269
2641587;2650234
3739808;613615
240172;3639013
4984576;7086966
47338;525838
1493976;700165
523965;557294
4356778;4770403
2829600;573318
1698144;6296142
1592066;2022803
1059327;5835687
101063;8122315
4033083;99704
1218704;1520965
1218704;260453
103584;2317407
2389051;5154317
171245;6707322
323199;33324
2650234;3651976
4723751;5296904
10362685;6313872
1943676;4433348
2904578;3434037
380079;46809
1445114;4770403
10333438;8081212
171245;7677213
233907;4829465
1336287;166301
2499235;5663952
10348382;4616534
6662066;8918426
10349245;7598390
1573610;240830
1438562;2594920
777820;9563008
10349089;1362558
3319465;4023005
10349089;6296142
1943676;3650761
7369740;8306902
140111;45868
358832;5987576
4433348;9394378
2785166;4586647
5829623;7388044
10361498;1146297
492616;5706703
1237070;5594710
2155800;7817509
2377685;8558416
1889462;2648873
1780156;474794
777820;9936246
2544928;7364336
1167668;322467
5823644;698552
10346331;9518166
34903;416255
103584;380079
2308863;63877
10349089;2641587
10363772;777820
10179291;1383831
1592066;9343878
1943676;3255771
240172;372402
10008950;3922884
1534649;645947
2946214;5158645
173559;4369772
6317347;731515
3391420;7216884
3255771;6707322
156895;7935
1035296;8851
672767;9866
1089309;701326
10361327;9918583
130532;2345471
111251;1237070
31698;7388044
419884;895831
217367;4723751
2624812;4023005
10331934;7414026
8263017;8589210
10363772;1943676
1493976;5855365
171245;9071560
7262;9071560
1218704;325780
1429402;946727
343107;675397
1773231;4549053
1089309;2776956
1445114;5062162
1203825;6867251
10363772;7598390
497428;7525363
1005679;1493976
1403983;3650761
241271;9067177
103584;1592898
4530729;68061
34903;3639013
4023005;8558416
105719;208340
1228432;1592898
122287;12637
2671638;2979404
1520965;153937
10330889;8081212
2145986;3650761
2552664;3639013
5825014;8816403
3319465;8558416
1623045;439401
173928;5594710
1522678;777820
1218704;3739808
10179291;153937
363344;5362303
1297785;9071560
153937;9866
10331934;95454
227395;227787
1445114;4404526
170917;2438096
3366218;399844
105719;153937
1592898;380079
1438562;5875315
2641587;585534
1633487;7677213
391057;5063477
6409465;7950771
240172;785706
1297785;5924269
1645228;741037
1153754;5080979
4770403;9936246
3739808;5823644
323925;6809394
1520965;4356778
10363772;171245
1617736;4368172
103584;170917
5146805;7216884
1573610;716260
1730702;853712
45868;6765328
325780;893082
1420603;8212586
2648873;5662642
1100408;6108233
3072923;6612863
1297785;140111
1107315;1691889
3366218;950086
141294;930064
1170909;4551878
3975713;5615294
10331934;2236273
3639013;526959
147214;155238
3273342;950086
1536145;3391420
527708;5352747
2068106;9518166
380079;5823644
4031291;7294690
217367;585534
111324;3650761
202871;240172
240830;660957
33324;678465
103584;7598390
1881091;4129613
4144334;9518166
3639013;4404526
343107;4023005
2946214;822933
5505099;5576241
741037;8122315
6159049;7598744
1172267;260453
3908832;4723751
4031291;829644
5823644;762013
10331934;2689724
1773231;6563111
138537;5823644
2590870;5146805
1633487;5296904
6056194;97088
4984576;8115002
10363772;785706
425310;762013
5025792;6188793
6701462;6974490
2317407;4988087
9610466;9646778
10359456;1728156
1584370;9394378
7262;9394378
1167668;1541631
2689724;4723751
401760;6898585
425310;9866
4549053;5348175
10349245;1297785
2546188;5901261
1232405;3639013
1237070;893082
1493976;634009
6511450;7685759
860276;9256787
3639013;3908832
130532;700165
6204290;8122315
1442249;497428
1536145;240172
2317407;8589210
325780;798082
1536145;9071560
419884;9518166
205834;6108233
10008950;10349089
6701462;9859291
6722439;6949040
246103;2829600
3650761;37359
6265273;8477159
5348175;6364323
420920;7685759
10296387;10332308
1943676;2848257
1089309;133808
10363772;5924269
3828743;6595389
4723751;6707322
2145986;4546053
1493976;2829600
126646;858454
762013;798082
2595251;8558416
1624959;731515
573318;700165
2354108;307006
3922884;6548820
1208119;831867
2354108;749025
3908832;95454
103584;79476
10363772;483094
1167668;3650761
1592898;1654770
4723751;7677213
9563008;9936246
1172267;5855365
1573610;468
10331934;8263017
1536145;483094
1138235;191233
10362722;12175
4897089;7677213
1383831;425310
103584;5450495
3394293;9677731
130532;8525
383250;4551271
10346331;5296904
1646303;26263
3391420;5146805
399844;7388044
1633487;6707322
7598390;9563008
217367;4770403
4897089;950086
140111;170917
219834;41827
4275617;860276
6296142;6548820
325780;9866
10363772;1642260
3908832;950086
2495894;378918
1237070;634009
1976010;7599745
3639013;4770403
208340;315596
1493976;893082
1595069;8288311
2236273;4433348
1744347;2345471
4019172;7601004
1889710;335467
103584;9362801
2354108;299901
4897089;7388044
10360812;1336287
46809;660957
1218704;1237070
130532;153937
5875315;777820
1795050;8477159
1013641;1534649
2689724;9394378
10363434;1053730
2236273;3391420
10349245;8062498
253237;8525
3922884;8155789
1943676;5151456
2421925;9936246
10164223;4144334
111324;1592066
10340324;3922884
7590891;81981
380079;5450495
4551271;727482
6504249;777820
153937;573318
798082;9014669
357170;663212
7598390;8589210
10340324;8155789
315596;5823644
295182;9946281
1438562;777820
31717;58730
4723751;4770403
1219279;3370584
10346331;6765328
1530423;201138
1536145;7677213
2595251;5798223
2135081;7601004
1297785;7414026
2421925;5829623
2829600;700165
6765328;9362801
798082;9866
4081722;7869430
1075965;245931
299901;6253494
1438562;45868
1035296;325780
1536145;6707322
4770403;8062498
526959;551541
3178143;845531
8435283;8544506
3344856;5404033
1699704;893853
1522678;868737
10346331;785706
153937;4356778
246103;672767
10179291;613615
10179291;253237
1493976;7414026
103584;46809
1536145;95454
2064514;5823644
2406615;5823644
4173503;81981
6548820;8155789
1740742;798082
3391420;9936246
552081;6081537
6765328;8589210
260453;672767
2377685;9936246
1282980;3929133
4530729;4951333
1493976;9866
3999721;547298
5450495;698552
27926;4530729
4952286;8677974
1541631;2145986
1307916;855464
34903;91293
10363291;4928933
399844;4770403
1526452;4586647
1438562;4770403
3849139;6211983
105719;2406615
2068106;372402
1383831;5855365
21728;2594920
7414026;7598390
3705263;5823644
1112998;7576559
10361286;527708
1642260;2590870
3577255;7155092
4433348;9936246
10363390;8941339
1493976;798082
1820007;1978878
103584;5823644
5362303;5563875
1438562;8062498
10363316;6313872
10363772;9936246
483094;5380149
1052821;4173503
2345471;3705263
3733629;5645004
2421925;5151456
3639013;8851
1520965;325780
487104;913292
111324;5967271
7895050;9153733
8525;9014669
7598390;9936246
1740742;253237
10179291;130532
4522109;838297
10331934;9071560
1172267;1744347
141294;340023
4433348;7677213
1369772;4368958
1203825;60981
526959;649076
1633487;3391420
1520965;2064514
1448613;9394378
616956;8359912
343107;425310
1698144;483094
343107;634009
1053730;6623432
155238;637714
4422911;701798
6406160;735008
2332094;4043781
103584;10363772
8592372;9259948
1183856;5823644
1493976;68061
2354108;5840084
1267639;5505099
4988087;8263017
325780;5837277
1267639;9518166
2068106;785706
1943676;2236273
170917;9936246
483094;950086
10363390;5025792
4356778;777820
153937;700165
1297785;3366218
1522678;457092
1744347;343107
1267639;5576241
1183856;1740742
1520965;573318
240172;5296904
1943676;950086
1107315;868737
10360262;3949252
130532;173928
2068106;3650761
10330889;10333438
1536145;5380149
1534649;1827803
10331934;1633487
2901725;3650761
10164223;2725611
325780;777820
7677213;95454
2273156;6722439
712232;744411
171245;483094
1925080;3639013
3255771;5296904
1212748;3349599
1405427;322467
367429;5226214
1579362;2093023
8558416;9343878
1237070;3705263
2421925;950086
9153733;9646778
101063;7525363
3320401;6513298
419884;5505099
2689724;6707322
240172;3255771
111324;4404526
103584;138537
260453;3739808
5146805;7262
1383831;762013
1740742;5855365
401760;8604205
3273342;7388044
246103;315596
2848257;3255771
1438562;170917
173928;2345471
1493976;1691889
31698;9394378
10340324;10349089
1534649;442374
3391420;483094
1120448;712232
171245;1943676
10354012;10364172
10355450;8034059
3366218;4723751
1438562;9936246
6078550;9563008
170917;9362801
1833361;5936174
3429329;948953
10360812;1334295
1297785;8062498
4023005;442374
138537;380079
1624959;801818
343107;672767
1744347;3739808
10331934;7388044
1383831;700165
3735621;6120235
1089309;907436
1493976;253237
2317407;8558416
5095435;9256787
111251;1172267
613615;9014669
1606304;2354108
1642260;3366218
1728602;60981
4081722;6364323
105719;8525
10363528;3321281
399844;5380149
1183856;798082
2632499;4884311
3639013;741037
1267639;419884
3366218;483094
2037311;6722439
45868;9936246
217367;7388044
1297785;9563008
3639013;6211983
2363295;6478195
418523;6622162
10361222;9402747
5151456;9394378
6765328;8062498
678465;79476
2354108;6960586
2829600;9014669
4541092;497428
1237070;5823644
1218704;893082
6765328;7414026
3639013;7388044
5594710;5855365
4023005;834636
1694630;209081
180603;7137
7741557;7760689
1592066;8558416
4530729;669670
217367;31698
246103;777820
10349245;10363772
1212057;2811986
217367;7598390
1183856;4356778
1698144;6548820
3639013;7216884
1633487;3650761
2006548;26890
5380149;7216884
128204;9071560
140111;9936246
7216884;9394378
6211983;701798
5348175;5909770
1218704;246103
2641587;6032656
1448613;950086
698552;79476
1744347;672767
1356417;43930
4897089;5829623
1536145;5829623
5829623;9071560
1405427;1684306
3391420;5829623
457092;5226214
5615294;6563111
1552622;497428
2273156;943335
6211983;787518
6949040;7216884
2848257;4897089
2829600;5594710
6310100;6364195
153937;260453
5404033;831867
103510;4804673
1744347;573318
8288311;8558416
2110558;76060
225387;2318467
4988087;6765328
111616;1619869
111324;9343878
1493976;170917
1740742;762013
3975713;6595389
474794;49038
1172267;672767
1692113;9687829
439401;667519
3422626;7817509
1595069;4805832
1223130;7685759
3650761;8288311
1536145;4770403
4173503;4785356
2848257;4723751
217367;9563008
6204290;7525363
171245;9936246
10363772;5296904
5594710;762013
95454;9936246
1520965;613615
194978;3908169
7590891;777820
6159049;7111707
10251605;7751303
1448613;171245
1642260;4897089
170917;217367
1190072;227395
140111;2377685
1459124;66214
1218704;9014669
208340;700165
5151456;6707322
2345471;798082
1633487;2236273
3366218;7677213
330798;6205864
4195632;9256787
1584370;2421925
4356778;5855365
3639013;9902528
6078550;777820
5594710;9866
160;9970148
253237;343107
1520965;1740742
4043781;6595389
130532;208340
1552622;4541092
315596;777820
7111707;7598744
2406615;260453
5823644;700165
1438562;9362801
2345471;253237
1103906;6469928
111251;260453
10346331;372402
5082;7894563
3639013;944497
6707322;950086
10363772;9563008
111251;3705263
1445114;8288311
1056502;1526452
10134365;3319465
6513298;7438402
1624959;6317347
313161;4770403
10363772;1592066
2421925;4433348
245394;507678
2421925;2590870
380079;678465
1592066;1692113
1744347;9866
6595389;7117411
3639013;950086
315596;8525
4770403;5296904
1495809;3494081
3187629;998606
2317407;5875315
1573610;5823644
240172;6949040
2317407;3639013
3639013;8589210
3639013;649076
5835687;669670
6032656;8223772
573318;9866
1922238;4829465
10331934;3639013
31698;4433348
5296904;6949040
10349245;2317407
110073;6364195
1167668;46949
1633487;9071560
2421925;7262
7388044;9936246
2546188;3144112
3650761;9518166
3652062;4084891
217367;483094
10360812;3610253
1493976;1744347
10331934;2590870
425310;893082
1943676;2689724
173928;9866
173928;343107
2236273;3255771
4770403;9362801
2848257;7262
2822370;6824976
2377685;7414026
2354108;78827
1001642;255926
325780;634009
227787;9122157
1383831;634009
1536145;3639013
10331934;10346331
208340;672767
1536145;7388044
373823;512439
2008875;8155789
7388044;9071560
105719;1218704
1172267;1237070
634009;762013
1520965;634009
672767;8525
1448613;2689724
217367;4988087
1212748;9259948
323199;79476
10363772;9687829
10134365;4023005
171245;7216884
233907;5836542
2150079;930064
1826692;343107
5674087;865735
10316849;1053730
3650761;372402
2064514;3739808
10363490;782770
2421925;5380149
2068106;6722439
3436611;698552
10363772;170917
10363454;2744224
1478583;9918583
253237;5823644
1448613;2421925
5151456;950086
1889710;2354108
6765328;9936246
170917;8263017
111324;1445114
1183856;1744347
5082;6071885
10360812;26263
3178143;5706659
5576241;9518166
10331934;2848257
3733629;998606
1534649;54208
10363427;9949018
1297785;5296904
399844;9071560
1297785;2236273
1059327;7502598
1633487;3255771
10364017;103871
1643919;8052933
1654770;678465
4770403;8558416
7677213;9936246
2901725;893853
1448613;3639013
7677213;950086
1744347;4356778
260453;777820
1584370;2689724
1624959;1798254
6548820;838297
10346331;2317407
2377685;2438096
6211983;7156400
1005679;103584
1536145;4723751
5146805;9071560
140111;8558416
2023360;4023005
1654770;380079
1427081;1833361
103584;2438096
2689724;7216884
1107315;3650761
1595069;1692113
3255771;4897089
2064514;425310
2155800;5647941
2641587;8223772
3639013;785706
10331934;8589210
1522678;367429
1383831;1520965
315596;3739808
8890867;9153733
3338197;7685759
173928;1744347
2139833;2318467
2650234;6032656
1448613;1642260
5426177;9402747
7388044;950086
483094;4897089
1041983;4099585
1095675;4368958
5196362;5706703
6078550;8558416
245394;26263
2332094;5348175
323199;380079
2410802;3639013
4723751;7216884
2345471;700165
1734389;3958715
10331934;9563008
240172;5146805
3610253;7601004
1621930;569071
5226214;868737
2421925;399844
2776956;701326
7414026;8263017
3736628;4023005
4275617;8500479
3908832;9394378
1495809;2916945
1183856;634009
29242;5619045
10342419;1095675
173928;762013
1232405;701798
1013641;1405427
171245;2421925
1237070;798082
3739808;5594710
6078550;8589210
1642260;240172
440661;955484
1633487;4723751
173928;798082
1826692;3910767
1943676;5296904
238531;655297
1237070;325780
1005679;8558416
3178143;3911629
1005679;2377685
731515;9071560
2354108;440735
4404526;8558416
240830;678465
138537;698552
1237070;1383831
1878860;8677509
1573610;678465
1592898;240830
1744347;893082
1297785;9362801
2037311;3639013
2354108;840120
2421925;3366218
3388704;7391135
1052821;81981
4785356;9836101
4084891;5384588
4404526;5967271
1526452;4129613
1088647;494524
10342419;4368958
3081584;8604205
3650761;76961
2389051;3177827
10331934;7598390
10363772;3908832
3241440;360179
1584370;7677213
3908832;5380149
47452;697059
1524496;31698
1744347;634009
1297785;950086
2421925;4770403
1768645;1919659
10349245;6078550
3081584;4374178
3255771;5380149
512439;9335271
173559;54208
1228432;716260
1584370;9071560
1390960;66832
483094;5146805
1520965;777820
1218704;208340
307006;947595
5936174;760361
3639013;5829623
4770403;4988087
2829600;3739808
1525481;378918
1428522;1799936
1740742;5823644
1624959;1751865
1218704;5594710
8062498;8558416
1654770;5450495
240172;9936246
762013;9014669
1493976;8589210
10363545;9949018
240830;5450495
1740742;700165
4023005;47452
6722439;9518166
2345471;3739808
1642260;4723751
1107315;1835769
1183856;700165
402156;98330
105719;5823644
3344856;831867
2495894;712232
46809;698552
111251;2829600
1526452;7419955
1005679;10349245
419884;5662642
10296506;8941339
2008875;6296142
1634739;670441
111324;240172
10179291;325780
1267639;6824976
292365;316661
5798223;6304441
116658;366321
10363772;45868
1334295;245394
1219279;9773247
3391420;4723751
4129613;7419955
1642260;5151456
4770403;4805832
202871;2068106
26263;780485
1773231;6364323
416255;91293
1297785;171245
240830;46809
1584370;5296904
1520965;3705263
6211983;79476
3650761;6707322
240172;3650761
1059327;669670
5146805;9394378
4433348;483094
1692113;3650761
1619869;416255
1534649;42888
45868;4770403
1075965;9970148
3255771;5151456
10363748;9949018
103584;1438562
1183856;1520965
3908169;930064
130532;4356778
10172651;1212708
208340;9866
1362558;3922884
6563111;7869430
10117418;12175
2823813;4023005
148854;470
31698;6707322
2487841;781616
4560482;4586647
10282971;3818235
1846531;6406160
1744347;8525
1645228;551541
170917;6078550
2389051;8659060
10179291;3739808
425310;700165
1107315;5226214
1313960;5159818
323199;678465
1146297;536421
1692113;8558416
10316849;10363434
5450495;678465
613615;798082
6078550;7414026
10331934;3391420
3273342;3908832
1633487;1642260
2064514;8525
4988087;9936246
2317407;2438096
1493976;762013
1285903;4422911
110073;6310100
1642260;5380149
3639013;8062498
781616;955484
5576241;5662642
1522678;6504249
5875315;6078550
7216884;95454
4362134;5565503
1654770;79476
1228432;240830
21728;494524
2317407;777820
1297763;170553
3639013;4551878
10331934;3908832
7559062;9564228
4545925;4943314
253237;700165
1584370;1943676
31698;4897089
2377685;4988087
1633487;5380149
239513;5450495
5421414;735008
7294690;8108735
273315;391057
5967271;9343878
1438562;5924269
1642260;2689724
1362558;4522109
2704445;689072
10346331;10363772
1334295;780485
762013;8525
4253551;913292
3639013;9343878
171245;950086
8155789;838297
4374178;8604205
5505099;6278969
1035643;1103906
173928;9014669
217367;8223772
380079;468
1438562;9563008
420851;5249312
253237;762013
10265828;4196
111251;700165
1089309;75864
1410200;5738815
3705263;613615
365596;7370804
105719;425310
10256143;7950771
2022803;3639013
4770403;5875315
153937;1744347
4433348;7216884
325780;675397
420851;7493675
2829600;3705263
3366218;9394378
10361327;420920
663161;677518
2595251;7590891
173559;3429329
6949040;943335
1203825;77424
1534649;2785166
401760;7295726
5348175;7117411
4433348;4723751
105281;1476340
4310946;6824976
1297785;5829623
10363545;1728156
173559;948953
1774223;889696
171245;5829623
10363984;464143
2671638;998606
127984;7576559
170917;7598390
2725611;419884
60981;637714
777820;9362801
1203825;155238
5924269;7414026
1172267;1740742
10179291;573318
111251;1520965
10359456;10363748
10363532;4952286
103584;6765328
567626;63877
6038508;7438402
1383831;1493976
2354108;50894
173928;246103
10363772;6949040
10361039;4296245
2406615;3705263
3273342;4770403
3849139;5353349
328702;7886037
2829600;9866
5823644;660957
3639013;787518
1052821;4785356
1650386;4178726
103584;468
5706659;845531
1740742;2345471
4522109;6296142
3651976;585534
103584;7414026
105719;893082
1228432;468
2332094;5615294
240172;5380149
3144112;7644519
2641587;8155789
1448613;31698
1297785;7598390
1005679;10331934
5924269;8062498
777820;8589210
4723751;5151456
4195632;860276
5335890;9293
4770403;7598390
10179291;4356778
58733;6406160
1403983;1692113
2744224;4449978
1005679;10363772
1162056;1209088
1005679;217367
3391420;5380149
1218704;762013
1297785;1642260
240172;7677213
1380862;8500479
2421925;3908832
3739808;700165
2317407;8062498
3705263;3739808
2552781;3816524
18381;3048978
1427081;5082
1448613;483094
3650761;9394378
3639013;5380149
245394;3610253
5455767;6071885
2022803;9687829
1692113;4805832
3705263;425310
1584370;7388044
343107;9866
3652062;4804673
111251;5855365
1438562;21728
1595069;5967271
3705263;634009
3828743;5909770
1692113;5593017
10348242;9646778
1740742;325780
1445114;5967271
1536145;31698
103584;45868
3273342;7677213
1237070;173928
3209739;6867251
10363772;737574
10363316;92454
1219279;3650761
1692113;2022803
669670;68061
5095435;8677509
1427081;760361
2552781;3639013
7601004;9391451
1383831;153937
1592898;33324
1754678;425166
1223130;6511450
1237070;3739808
3910767;655297
4630433;659203
1827803;8558416
1296987;13717
1878860;4195632
2643171;5384588
194978;2150079
1919659;883042
153937;2406615
1089309;758738
1573610;660957
1825381;956091
1331706;64996
1329093;634009
1013641;322467
1525481;744411
10069965;4019172
2689724;950086
1172267;315596
323388;357170
18381;751023
1534649;4546053
10340324;4522109
4988087;5924269
153937;8525
700165;9866
190363;5823644
1403983;2022803
8062498;9936246
5909770;6595389
425310;5855365
2236273;9394378
10361286;188960
1493976;9563008
236679;3998458
27926;68061
10008950;6548820
2406615;700165
1825894;7378925
129939;3728159
10363772;1691889
2552781;325780
2829600;762013
1645228;8122315
103584;217367
2377685;6765328
240172;4897089
10349089;4522109
1773231;7869430
2544928;855464
5855365;777820
10363291;8618041
2959490;7137
3273342;4723751
1493976;2377685
1448613;1633487
10179291;1740742
2345471;634009
158189;6504249
2377685;9362801
1493976;1835769
5421414;732415
10348242;8890867
712232;811085
4723751;950086
2008875;4522109
1607176;3344856
10349089;1698144
3639013;6078550
10348382;10363532
363344;81045
4023005;6548820
3908832;4897089
343107;4356778
1005679;4988087
1061115;4023005
10179291;1237070
10172651;855464
1005679;9362801
1799936;234271
10331934;170917
103584;698552
2689724;4897089
1375586;1621758
1297785;45868
1383831;8525
2406615;798082
5875315;6765328
1172267;777820
138537;1592898
10363772;8558416
10008950;6296142
240172;2421925
253237;672767
3639013;8263017
1445114;4805832
10361327;6511450
1493976;7598390
2037311;2068106
10256143;2210496
1228432;79476
10349245;6765328
1237070;260453
1237070;1520965
130532;325780
700165;798082
2037311;5296904
10179291;5855365
1005679;9936246
1383831;9014669
1493976;2399123
5436953;6687620
1167668;1405427
1183856;173928
111324;1403983
240172;4433348
130532;798082
6918884;731515
7156400;79476
105719;5855365
762013;9866
3650761;9071560
418523;735220
5146805;5151456
239513;323199
1383831;9866
4770403;95454
323388;829644
240172;6722439
253237;5594710
1448613;4433348
1383831;1740742
399844;950086
4770403;7388044
4988087;6078550
1297785;3908832
10349245;45868
9362801;9936246
217367;777820
10179291;5594710
10340324;6548820
1642260;7677213
551541;6204290
6345702;81045
777820;8062498
217367;2590870
2406615;246103
1232405;6211983
331725;360179
2410802;4422911
1172267;2829600
1172267;573318
1218704;3705263
4356778;634009
2354108;683439
10340324;4023005
1520965;2406615
8500479;860276
2590870;2689724
551541;7525363
170917;45868
158189;367429
3639013;6949040
1493976;9936246
2345471;2829600
1403983;4805832
10008950;4023005
2421925;9394378
2410802;79476
315596;573318
2641587;3922884
2848257;6707322
1774379;54208
2064514;700165
1881091;2785166
1643919;7553572
1520965;343107
190363;239513
4173503;8491687
10362158;2166111
5296904;5380149
1190072;1619869
10363748;1728156
1759791;3839950
1633487;5151456
1072168;48240
2022803;4404526
10164223;5576241
1881091;4560482
5594710;893082
2421925;7216884
1493976;5875315
46809;79476
613615;893082
425310;8525
483094;6296142
4023005;9041370
10134365;54208
4034338;504435
2236273;7677213
217367;3255771
1924134;536740
10363772;4356778
130532;1520965
10255876;2354108
1493976;8263017
4770403;9394378
240172;5151456
5615294;7117411
3273342;3391420
741037;7525363
2345471;5594710
6288730;6364195
3908832;6707322
4023005;9518166
31698;3639013
1448613;5829623
138537;46809
1698144;2641587
1592066;3650761
2236273;3273342
1943676;3908832
1592066;1595069
27926;557294
141294;194978
10346331;3639013
153937;634009
130532;2829600
153937;5823644
1943676;4897089
3209739;60981
2683;504561
10179291;634009
4019569;8477159
10346331;7414026
3399824;523593
3908832;5151456
5296904;9936246
2421925;95454
6707322;9071560
1334295;507678
7559062;92454
4770403;7216884
101063;6204290
10364082;6445534
260453;700165
1633487;4897089
1403983;4770403
1592898;79476
1005679;10346331
5082;5936174
399844;5296904
10363772;2438096
10360812;635925
3828743;6563111
1297785;4770403
1878860;5095435
1153754;541725
1773231;5615294
3650761;5062162
1167668;1534649
787518;79476
8558416;9687829
12637;1275021
276834;51953
315596;3705263
323199;716260
4356778;798082
1237070;4023005
3391420;7388044
1493976;573318
5362303;81045
10323829;2551507
1052821;1768228
1414207;73966
2064514;253237
1530423;7757751
2008875;3922884
1088647;956091
2017292;7525363
2023360;8558416
3650761;893853
6078550;8062498
9351018;9646778
1478583;736345
10363434;758738
2848257;3391420
1740742;2406615
1448613;4723751
1341245;829644
5450495;716260
10179291;2406615
634009;777820
3255771;4723751
7228747;9976790
4549053;6364323
2590870;2848257
2495894;330950
4723751;9394378
10363772;1692113
7216884;9071560
315596;893082
105719;4356778
173928;672767
147214;3209739
2648873;9518166
1285903;2410802
5825014;76961
10349245;4988087
1889462;5505099
208340;2829600
3189;794070
10364036;10364081
1740742;573318
158189;457092
10069965;9391451
1218704;798082
1526452;2552781
3320401;7438402
1297785;170917
10363772;3391420
3739808;798082
1228432;5450495
5936174;7894563
1237070;700165
1526452;2785166
4023005;814300
31698;5380149
1298256;4710575
1160791;4952286
217367;2421925
1172267;762013
10363772;1633487
140111;6078550
130532;672767
10362158;15566
1403983;9687829
2332094;4081722
5226214;6078550
217367;3366218
6176521;6809394
5151456;5829623
399844;5829623
1237070;1744347
3366218;5151456
2022803;4805832
1541631;645947
8525;893082
2150079;340023
1297785;9394378
420920;736345
1314724;58733
3908832;5296904
219834;735008
1526452;3436611
1286062;1459103
10349245;170917
154023;2829600
103584;1228432
1691889;1835769
1525759;7751303
1584370;3255771
1107315;6504249
1662122;4034338
2848257;7677213
1646303;635925
105719;253237
31698;7262
4785356;81981
3639013;535829
1219279;2399123
33324;5823644
3273342;9394378
4404526;4805832
8353601;991935
950086;95454
159840;7598744
1725346;209081
1107315;76961
325780;3739808
1573610;1654770
1237070;246103
4549053;6595389
1702391;9041370
1183856;2064514
10331934;5829623
173928;1740742
2236273;7216884
1297785;5151456
1212057;1592161
7116269;9071560
3705263;8525
10361222;5426177
10363772;1438562
217367;3650761
166301;635925
1228432;1573610
2648873;6278969
1172267;3705263
315596;343107
315596;9866
239513;79476
5082;760361
343107;613615
10363772;7216884
3187629;498809
425310;672767
1526452;48764
10360812;245394
1448613;7677213
1584370;2236273
111616;34903
128204;1751865
3650761;9343878
173928;634009
5062162;9687829
1642260;5296904
3639013;3650761
573318;762013
3828743;4549053
2848257;4770403
31698;9936246
10296506;6188793
6722439;943335
4195632;5095435
526959;7525363
4404526;9343878
130532;425310
1536145;3273342
10363772;498809
6701462;7644519
1438562;956091
1773231;5348175
246103;613615
1403983;3639013
1744347;777820
350275;759040
7216884;785706
1943676;2590870
10349245;9362801
1750837;6960101
2438096;9936246
6411463;8918426
3650761;785706
2377685;4770403
357170;7294690
1057925;7886037
29242;6114643
10172651;7364336
701326;75864
170917;5875315
6159049;8435283
3639013;5593017
1846531;732415
1336287;245394
3639013;8558416
4053416;6825082
1107315;5825014
7018048;7294690
10288604;2554330
1313370;4227548
2345471;425310
2689724;3366218
5146805;5380149
3366218;5146805
2377685;45868
33324;46809
4356778;4404526
10349089;6548820
5875315;7598390
2725611;6278969
1493976;9362801
1520965;253237
5798223;7590891
4594825;811085
1195321;9696697
5380149;7677213
1621930;2499235
3273342;4433348
777820;81981
10349089;2008875
2236273;3908832
4990362;9518166
3639013;4422911
105719;260453
140111;9362801
1740742;315596
140111;4988087
483094;95454
7295726;7967331
1297785;240172
240172;6707322
217367;2848257
105719;672767
10179291;5823644
130532;5594710
10363984;528677
10333438;1233221
5296904;6722439
483094;9936246
1442249;4541092
4522109;6548820
425310;5594710
1442921;1825381
1795050;3930776
10346331;4770403
4988087;8558416
1646303;166301
171245;3639013
2438096;9362801
5380149;9071560
1740742;208340
1107315;777820
170917;6765328
2438096;3639013
217367;6032656
45868;7598390
10363772;8062498
3922884;838297
535829;7216884
1728602;64996
111251;315596
701798;787518
1445114;8558416
1203825;637714
219834;58733
103584;8589210
4356778;893082
4129613;4586647
2064514;798082
1107315;1493976
133808;75864
7895050;9610466
5296904;7388044
399844;4897089
6792011;9399623
10340324;1698144
111251;208340
2410802;701798
1645228;649076
153937;672767
5823644;716260
7598390;8558416
7677213;9071560
1183856;9866
1219279;1835769
325780;613615
10331934;217367
2590870;3908832
2848257;3908832
6188793;8941339
2438096;8589210
1172267;253237
5530092;5565503
3391420;950086
5594710;634009
147214;6867251
138537;660957
240172;7216884
1336287;3610253
3908832;7262
153937;325780
2641587;838297
10363772;4988087
3739808;762013
860276;8677509
81981;9836101
10069965;714663
335567;623481
3255771;9071560
4368958;858454
5151456;7388044
5823644;798082
1232405;7156400
4988087;9362801
10008950;2008875
1650386;7576559
10179291;8525
1027331;3074996
1633487;2689724
573318;893082
2689724;3639013
2046650;47338
1595069;7216884
81981;8558416
2008875;483094
7677213;9394378
1846531;735008
7895050;9351018
6078550;6765328
2236273;240172
3366218;3650761
1405427;698552
5159818;6687625
1536145;2590870
2406615;777820
10363772;2135081
27926;5835687
2093023;429147
240172;2689724
1438562;1825381
45868;8589210
111251;777820
8847276;9677731
649076;7525363
227395;2354108
1005679;7414026
6359599;8847276
1172267;3739808
100971;10363528
105719;1383831
1403983;1592066
468;46809
1584370;4770403
2438096;5924269
1285903;79476
1218704;5823644
166301;507678
5855365;9866
399844;6707322
5582813;7935
3120052;5300891
1573610;1592898
372402;7216884
10346331;240172
6304441;8614133
227787;2354108
1176475;439401
1642260;2848257
613615;8525
1059327;68061
126646;897826
399844;7677213
130532;343107
2785166;698552
140111;5875315
8792004;9391451
1621930;5663952
504435;8196617
1642260;4770403
10363532;4053416
7601004;8792004
2996948;3431618
5825014;9773247
3911629;5706659
1297785;9936246
7414026;8558416
155238;3209739
2421925;7388044
1740742;343107
1448613;399844
173928;2829600
6963858;7086966
1744347;5855365
130532;2406615
2829600;325780
10331934;8062498
1152927;956903
3828743;5348175
6038508;6513298
4478635;7525363
322467;3650761
3177827;5154317
3975713;5909770
3696068;78827
323199;5450495
2829600;8525
5863022;923956
105719;700165
1633487;217367
3255771;7388044
1526452;1881091
5936174;6071885
5823644;9014669
1520965;208340
3072571;5798223
2848257;4433348
111616;91293
1107315;2399123
1237070;9866
1774379;317299
4560482;6708128
92454;9564228
4723751;7262
2829600;4356778
7111707;8435283
3650761;5151456
1642260;217367
4043781;5348175
1297785;2689724
3705263;5855365
418523;6632271
1740742;613615
101063;3639013
1383831;253237
2308863;2668221
4023005;5887416
10346331;6949040
1584370;171245
1448613;3366218
1383831;777820
3639013;399844
217367;3908832
1908898;8537830
3366218;5380149
6405673;6963858
1744347;325780
10340324;483094
1493976;5825014
10363984;103871
1640669;623481
103584;1493976
777820;893082
1237070;130532
103584;678465
2689724;483094
2744224;9805522
217367;7262
5924269;6765328
3652062;5384588
10331934;10349245
10363852;1530016
2090712;663161
1520965;5823644
2643171;4084891
240172;4770403
173928;893082
637714;6867251
2410802;5353349
2671638;5645004
4023005;6205864
190363;716260
9071560;9936246
163584;5837277
10331934;45868
5296904;9071560
1183856;777820
208340;343107
672767;777820
1740742;2064514
1684306;698552
10363772;950086
220839;5354985
1595069;8558416
634009;672767
111324;372402
425310;634009
1633487;4770403
2668221;8538905
75864;907436
2037311;2273156
4106278;7402492
10288604;4804673
217367;6707322
1835769;8816403
1175953;583598
10331934;103584
649076;741037
1297785;3391420
10346331;6722439
5615294;6595389
10346331;2438096
246103;9014669
1507086;853712
1160791;8677974
457092;868737
171245;3391420
1027331;4368172
1827803;317299
483094;5829623
3966804;4266227
550871;6705500
5924269;9563008
10363772;4058771
10363772;9362801
77888;9518166
5421414;58733
10363772;76961
3639013;4897089
190363;380079
1744347;315596
1633487;3639013
1088647;21728
4770403;7262
10008950;483094
10363772;4710575
4198309;707435
6313872;7559062
2829600;613615
10331934;2438096
5353349;7156400
5663952;569071
10349245;140111
240172;483094
1592898;678465
1061115;2823813
10179291;111251
7414026;8589210
1624959;6918884
2354108;9122157
777820;8558416
5855365;8525
1448613;1584370
3680285;3962135
3922884;4023005
1072168;327442
1493976;2345471
5296904;7677213
1405427;2145986
1654770;239513
1754678;667519
1595069;4356778
3639013;6765328
173928;5855365
249362;25086
231333;5436953
2689724;7388044
3338197;9918583
10179291;343107
2785166;4560482
10179291;425310
5497356;7216884
1744347;5823644
239513;468
1662122;1744570
217367;8589210
239513;698552
2236273;2590870
1534649;698552
4144334;419884
1297785;2848257
10363532;6825082
10363316;7559062
1768228;4173503
700165;777820
1297785;6078550
5875315;8062498
1307916;2544928
18381;626071
1654770;323199
5033715;7655054
5296904;5829623
419884;5576241
1039934;8252171
5829623;6707322
3650761;7677213
3639013;5146805
10179291;700165
1646303;780485
130532;3739808
1005679;2438096
246103;573318
325780;573318
2410802;7156400
4023005;8155789
3639013;79476
217367;2438096
1167668;42888
111324;8558416
4433348;7262
487669;9386350
5823644;8525
325780;8525
402156;609896
2421925;3255771
240830;716260
45868;8062498
103584;2377685
1218704;173928
9054736;9351018
4723751;9071560
425310;4356778
10363454;9805522
1932804;9293
3255771;9394378
1595069;3650761
568036;8034059
3273342;3650761
217367;7677213
103510;5384588
105719;762013
1419479;831867
4356778;9866
2979404;3187629
2345471;343107
3403235;363344
2848257;950086
3705263;9866
10363545;10363748
10331934;9936246
5967271;8288311
5505099;9518166
425166;667519
10363772;1107315
1120448;811085
111324;4805832
110073;5854396
15058;569071
10288604;4084891
4356778;5062162
1931443;805154
425310;573318
171245;9394378
29242;9859291
3390089;6441809
785706;9518166
2017292;497428
483094;7388044
613615;762013
208340;613615
111251;3739808
4951333;5835687
3639013;4356778
1218704;315596
2421925;2848257
2848257;5146805
4356778;5593017
4356778;9687829
253237;3705263
5924269;9936246
188960;5352747
7262;9936246
153937;5855365
1691889;3650761
523965;68061
105719;1520965
147214;64996
3975713;7869430
31698;4723751
3319465;54208
10363772;2037311
663212;8108735
1592161;2811986
10309056;10330889
352641;855464
483094;7262
253237;325780
1493976;5594710
2648873;419884
1536145;5146805
1232405;3849139
5505099;5662642
111324;4356778
1089309;6623432
2166111;2354108
5348175;7869430
10363772;7388044
399844;5146805
1617736;3074996
103510;2643171
4356778;9343878
111251;893082
260453;573318
4043781;4081722
217367;2650234
6765328;9563008
1438562;2317407
10349245;9936246
3610253;780485
208340;4356778
613615;634009
1642260;95454
1448613;3391420
1642260;7388044
1633487;4433348
10349245;1493976
1773231;4043781
1592898;660957
1403983;8558416
8491687;8558416
4043781;5615294
5226214;777820
246103;700165
3650761;9773247
128204;1624959
166653;9067177
3680285;5063477
1825381;2594920
1183856;762013
29242;6701462
1380862;860276
573318;634009
111324;2068106
372402;785706
155238;64996
1219279;1691889
246103;5823644
2273156;3650761
1059327;4530729
4422911;7156400
1662122;8196617
9071560;9394378
4368958;897826
273315;3680285
2068106;3639013
4031291;7018048
1584370;1633487
2590870;31698
260453;5594710
2064514;2406615
103584;716260
2023360;442374
1448613;7262
3639013;777820
2161941;220839
253237;315596
1232405;5353349
1751865;801818
1172267;246103
10346331;1493976
1728657;381660
2406615;67381
2145986;322467
2406615;573318
159840;8435283
8491687;9836101
2332094;4549053
1595069;737574
2145986;645947
893082;9866
245394;635925
1297785;2421925
1053730;758738
7294690;829644
399844;7216884
10363427;10363748
557294;5835687
3081584;401760
5563875;6046640
5146805;7677213
733365;913292
1534649;1541631
217367;5151456
1183856;1218704
1219279;1493976
10362722;2076983
7414026;777820
10363390;6188793
10363772;9773247
4988087;7598390
1172267;2064514
4275617;5095435
5146805;6707322
3639013;9872501
2037311;9518166
1190072;3639013
10296506;3818235
208340;893082
10363772;399844
253237;613615
1285903;5353349
1267639;6002085
1224225;7402492
10999;1699704
2689724;7677213
10363772;4770403
153937;2064514
1785495;79640
3273342;5829623
2848257;9936246
6114643;9859291
3187629;3733629
140111;4770403
5706659;739070
153937;208340
551541;741037
1405427;645947
1642260;399844
1362558;2008875
3403235;6345702
1584370;2590870
700165;762013
378918;712232
105719;5594710
4770403;5967271
158189;777820
1362558;6296142
3639013;9394378
4000697;9067177
10069965;7601004
1035296;1925080
7262;950086
7156400;787518
245931;7137
124427;1265284
2438096;4770403
208340;527356
3366218;7262
1095675;1369772
1624959;9071560
111251;2345471
4770403;4897089
27624;4023005
3209739;637714
217367;9071560
573318;613615
6204290;649076
2332094;7117411
3502145;421506
5151456;7216884
714663;9391451
2354108;4144334
2829600;425310
4023005;809093
260453;634009
2308863;567626
3975713;4081722
5829623;9394378
3639013;9071560
5296904;6707322
10349245;217367
1922238;4099585
1698144;838297
10117418;2076983
3228111;831867
1744347;798082
853712;952783
468;716260
246103;3705263
10331934;1943676
1551299;2552781
5594710;573318
1573610;79476
1297785;1448613
1584370;31698
4897089;5151456
1172267;343107
1459103;7101048
6078550;9362801
3320401;6038508
190363;698552
4356778;672767
10363772;7262
3399824;3685160
1334295;635925
3255771;3273342
10179291;1493976
10179291;1218704
1493976;8558416
1237070;208340
5450495;5823644
10179291;777820
10360771;3124401
1445114;9343878
1878860;9256787
1592898;468
1056502;7419955
4356778;8558416
8589210;9936246
1285903;3849139
3639013;4433348
1438562;494524
4988087;8062498
3273342;4897089
2064514;260453
46809;678465
2317407;9362801
64996;77424
672767;798082
343107;3910767
1427081;7894563
5380149;7388044
5196362;685554
1534649;322467
3215620;536009
380079;79476
1922238;233907
1237070;315596
5823644;634009
22249;771995
396537;67381
10331934;7216884
4023005;4515677
2345471;613615
126646;4368958
105719;1744347
1592066;4770403
103584;190363
100971;3321281
2236273;2848257
4023005;483094
10363772;5829623
1507086;290782
246103;634009
10346331;8263017
173928;4356778
4144334;776957
399844;9394378
31698;5146805
4616534;5629307
1267639;2725611
2037311;240172
10316849;6623432
4023005;6402938
950086;9936246
5353349;79476
1592066;5593017
1218704;2406615
201138;7882662
3366218;5829623
1405427;42888
1172267;8525
1297785;7388044
10164223;2648873
7598390;9362801
33324;5450495
1183856;1237070
10282971;6188793
1459124;151197
5436953;645947
15058;2499235
273315;5063477
10363528;2248459
111251;5594710
7388044;9394378
1493976;777820
2421925;5146805
1448613;1943676
2848257;483094
334432;749025
2689724;5151456
1642260;3255771
1525481;4594825
2590870;3273342
483094;838297
1534649;3319465
5576491;5976127
2421925;2689724
1383831;2406615
153937;613615
41827;732415
10331934;2377685
171245;3908832
10363772;7677213
5146805;9936246
6078550;868737
105719;2345471
140111;1438562
3828743;6364323
6707322;95454
103584;1654770
173559;1774379
2438096;9563008
1493976;325780
260453;2829600
103584;9936246
240172;95454
1892303;5619045
1592898;5450495
4433348;4897089
208340;325780
5855365;672767
1297785;4723751
1438562;217367
3639013;4988087
1740742;246103
1692113;4770403
356214;5300891
372402;9518166
315596;4356778
7378925;77424
4084891;6260469
2008875;4023005
367429;777820
10331934;4433348
1419680;2641501
10349089;3922884
1403983;1445114
1380862;1878860
2689724;3391420
2210496;7950771
1740742;2829600
5854396;6364195
219834;6406160
4522109;8155789
7414026;8062498
1369772;897826
170917;3639013
1336287;635925
343107;5594710
45868;8558416
5909770;7117411
4964976;5547086
3187629;6995870
8558416;9936246
1429460;85349
672767;9014669
440661;781616
5146805;5296904
10349245;7414026
3849139;7156400
1908898;4630433
31698;3650761
2689724;31698
208340;253237
3366218;3908832
10363772;140111
111251;5823644
2648873;5576241
1285903;3639013
2406615;634009
7685759;9918583
1190072;416255
10363772;6078550
1448613;6707322
417113;46949
3639013;7414026
367429;868737
10364082;2296168
105719;1237070
10348242;9610466
2823813;6402938
1607176;3228111
128286;6964191
325780;9014669
10134365;1774379
1595069;4404526
1175953;514460
1331706;3209739
7741574;7760689
2704445;5080549
10361402;10652
1728602;77424
1831853;2552781
2377685;9563008
3650761;7388044
217367;787518
4770403;777820
10083725;2987087
10363772;1493976
2022803;4356778
3391420;5151456
245931;2959490
1936966;5836542
1176475;334000
1584370;240172
2641501;85349
3391420;3650761
1438562;8263017
1621758;8992060
5924269;7598390
1536145;4897089
111616;416255
1493976;76961
101063;649076
411869;5335890
1536145;3908832
3650761;4546053
103584;4770403
5296904;9518166
1414207;2263040
5823644;777820
9153733;9351018
522831;733365
111251;153937
208340;777820
1657036;547298
378918;744411
2595251;777820
2689724;9071560
2236273;4897089
5615294;7869430
3215620;70293
140111;6765328
1228432;698552
1936966;233907
425310;777820
760361;7894563
1936966;4829465
2848257;399844
217367;5380149
678465;698552
1846531;58733
372402;943335
2335377;3184543
762013;893082
3650761;943335
1520965;762013
2377685;7598390
1313960;6687625
1005679;5924269
8360;889696
1005679;1297785
6078550;8263017
10346331;217367
6114643;6701462
27624;834636
2068106;240172
1592898;5823644
208340;246103
1448613;4897089
2552781;8992060
1646303;507678
1792574;5976127
217367;3391420
217367;8263017
10363772;5825014
4770403;8263017
9153733;9610466
1237070;9014669
4433348;5151456
3338197;736345
1212708;7364336
4770403;5593017
1846531;41827
260453;315596
442374;8558416
1112998;6218518
58733;732415
1524496;40653
2487841;955484
10164223;9518166
1751018;6792011
178803;4805766
2008875;2641587
6204290;741037
497428;7784713
1442921;21728
1642260;6707322
6046640;81045
54208;562991
4433348;5829623
700165;8525
1623045;1754678
173928;573318
217367;7414026
3209739;64996
128286;701169
7895050;9054736
3840695;709159
239513;660957
6511450;9918583
637714;77424
1334295;1336287
10363772;7414026
1383831;315596
1005679;8062498
3366218;95454
10363772;6707322
3639013;737574
10363709;3718679
1195321;7655054
3209739;77424
2236273;5146805
2064514;343107
1691889;76961
140111;1493976
105719;1493976
2594920;494524
4951333;68061
8525;9866
173928;700165
217367;2689724
1383831;5594710
4897089;5380149
3617115;9518166
1919659;7402492
10008950;8155789
1584370;3366218
1430541;2019092
1183856;253237
1534649;317299
290782;952783
1592898;46809
10363772;9071560
1183856;315596
1107315;158189
4616534;6825082
3391420;9071560
4023005;956903
2848257;7388044
573318;9014669
4988087;5875315
3273342;7262
10134365;173559
3366218;4897089
2848257;5380149
7388044;95454
10346331;5924269
6359599;9677731
5146805;95454
3391420;4897089
4990362;77888
1107315;457092
239513;5823644
1493976;6078550
1427081;6071885
10363772;8589210
5823644;5855365
1642260;9071560
4549053;7869430
315596;3930776
1448613;3255771
1493976;173928
10351214;5111944
10342419;858454
1536145;2689724
10349089;8155789
3388704;8173478
3639013;551541
2354108;3696068
5924269;6078550
315596;9014669
1052821;8558416
1773231;3828743
1383831;3705263
1493976;2406615
2406615;325780
3639013;609601
4433348;5146805
6071885;7894563
1005679;7598390
1190072;34903
2421925;7677213
1699704;2901725
5823644;9866
777820;9014669
217367;9936246
1690225;7110160
1362558;4023005
5062162;8288311
3273342;3366218
1107315;1522678
325780;700165
1297785;1536145
660957;678465
190363;468
1592898;323199
3639013;7156400
2037311;6949040
2236273;95454
3366218;4770403
105719;315596
3818235;6188793
4043781;7869430
1183856;325780
4804673;6260469
1740742;260453
4549053;5909770
238531;343107
166301;780485
6765328;8558416
3366218;9071560
10346331;1438562
1448613;5151456
170917;9563008
1095675;858454
103510;3652062
10363772;8263017
190363;323199
1380862;8677509
8589210;9563008
130532;260453
3081584;7967331
10363772;31698
2641587;4023005
1442921;956091
1297785;4433348
3639013;5875315
1336287;26263
3739808;893082
3639013;5062162
10363772;6765328
7391135;8173478
5563875;81045
1955590;4530539
4374178;6898585
140111;9563008
1334295;166301
1592898;698552
1153754;5568820
1943676;31698
10363316;9564228
10179291;2345471
1715179;1759791
2273156;6949040
130532;634009
3391420;7677213
5296904;7216884
1925080;325780
2406615;315596
2410802;787518
6159049;8544506
1623045;667519
2590870;9936246
523965;669670
173559;8558416
153937;762013
10361394;10363490
1493976;343107
1061115;6402938
76961;9773247
323388;7294690
171245;2590870
1228432;5823644
801818;9071560
1703671;6792011
4081722;7117411
2064514;5855365
136077;24086
245394;780485
105719;777820
3739808;777820
10015730;6304441
3255771;483094
4023005;4522109
5875315;9563008
111251;1383831
2421925;4897089
1218704;1383831
1584370;3908832
10361327;1223130
1218704;777820
1573610;46809
1448613;1536145
2345471;893082
10356457;10364017
10309056;1221092
343107;3739808
1448613;217367
10348382;5629307
468;698552
4081722;5909770
6296142;838297
1059327;27926
26890;716168
1341245;323388
1448613;240172
1448613;9071560
2590870;950086
5353349;787518
1403983;4404526
315596;5855365
1237070;2064514
4023005;5497356
143206;231361
3081584;7295726
526959;6204290
5619045;6114643
240172;9071560
1633487;2421925
3828743;7117411
130532;613615
3639013;9518166
3177827;8659060
1403983;5593017
42888;645947
3366218;7388044
27926;523965
208340;2345471
457092;6078550
3255771;7262
1403983;5967271
1633487;3908832
2273156;240172
10362685;7559062
4362134;5530092
1584370;6707322
2236273;5380149
1640669;168568
1774379;442374
1237070;425310
2406615;5855365
1088647;1825381
2236273;31698
1493976;2317407
3273342;5296904
1223130;420920
6364323;7117411
10101213;81981
5798223;777820
105719;573318
4805832;9343878
173559;3319465
1212748;9901767
2377685;8062498
2552781;698552
367429;6078550
317299;8558416
10363772;1445114
2399123;8816403
1403983;4356778
1183856;153937
2345471;9866
10331934;5296904
10008950;1362558
4433348;6707322
1740742;4356778
1633487;950086
10346331;2068106
3436611;3816524
3650761;4805832
1172267;5823644
5380149;7262
727482;9130785
6078550;7598390
180603;2959490
325780;4023005
4356778;4805832
173559;317299
6707322;7677213
2689724;3255771
1287084;5796213
1493976;4356778
63877;8538905
7895050;8890867
1237070;343107
3639013;8122315
1237070;2345471
1167668;2145986
4897089;9394378
7414026;9563008
366321;46095
3639013;6707322
4173503;8558416
1694630;1725346
1642260;5146805
1172267;208340
103584;4988087
10331934;6765328
1183856;613615
1584370;4433348
10331934;714663
1362558;8155789
6949040;9518166
253237;777820
4433348;5380149
323925;6176521
5875315;7414026
1183856;1383831
1592066;5967271
1592066;5062162
1167668;4546053
10346331;4988087
260453;762013
10359456;9949018
2979404;3733629
217367;2236273
10179291;1172267
777820;868737
10363772;217367
1534649;1774379
3255771;9936246
1744347;5594710
1183856;343107
2354108;6253494
10363772;9394378
8062498;9362801
10346331;9563008
1620614;92595
2689724;5146805
9071560;95454
483094;8155789
2421925;483094
4433348;9071560
551541;8122315
1218704;634009
1267639;4310946
1774379;4023005
4770403;5829623
5151456;7262
58733;878187
2689724;399844
140111;7414026
10331934;9362801
10346331;777820
3818235;5025792
1237070;8525
275871;317464
507678;780485
1692113;4404526
227395;9122157
5421414;6406160
153937;246103
166653;241271
3639013;4465268
170917;68061
3390089;85349
5875315;9936246
1061115;7216884
10348242;7895050
2354108;8714728
3650761;4897089
1744347;3705263
10363638;1634739
10008950;2641587
1654770;240830
5594710;798082
27624;47452
3739808;5855365
4023005;838297
10331934;5151456
6511450;736345
9041370;9518166
1923192;3728159
31698;399844
2317407;9936246
60981;7378925
156895;5497356
2848257;5151456
10363427;1728156
171245;2236273
5929761;6120235
1520965;173928
411869;9293
239513;380079
10361327;1478583
3650761;483094
217367;5829623
194978;930064
41827;878187
4422911;787518
483094;6548820
1520965;798082
1642260;3639013
1751865;6918884
1275021;1377
246103;343107
10134365;2023360
142658;37621
10194213;3352707
10362685;10363316
1578429;7829021
1331706;7378925
1654770;468
46809;5823644
1551736;8212586
5875315;8263017
701798;7156400
2410802;6211983
343107;8208660
2776956;75864
1768228;8558416
3366218;3639013
1691889;2399123
10363772;1297785
8108735;829644
103584;9563008
3650761;7216884
3651976;787518
10363772;3639013
3227091;4884311
208340;9014669
10363772;3187629
1172267;634009
1584370;4723751
2317407;2377685
173928;8525
2689724;95454
1218704;1740742
31698;562204
2590870;7216884
111251;798082
2064514;4356778
2037311;7216884
3650761;950086
4723751;5829623
3577255;677051
240830;5823644
111251;325780
7018048;8108735
3739808;9866
110073;6288730
1534649;173559
2725611;5576241
3908832;9936246
1362558;2641587
1448613;5380149
1698144;8155789
10331934;31698
5146805;7388044
1183856;893082
4356778;573318
7553572;81981
2022803;8288311
1536145;5296904
1297785;5875315
2022803;9343878
10363772;3255771
10282971;10296506
54208;8558416
260453;9866
5924269;8558416
1383831;672767
1448613;2590870
2641587;3651976
10179291;9014669
1218704;153937
325780;343107
1751865;1798254
634009;9866
7216884;9518166
1798254;6317347
5875315;8589210
170917;7414026
153937;315596
47452;639601
5645004;998606
105719;3739808
1051482;946727
6687625;7601004
1172267;2406615
798082;8525
1551299;325780
573318;5855365
1237070;5855365
1429460;3390089
5881611;7757751
330950;4594825
10349245;8558416
9343878;9687829
1607176;831867
1530423;5881611
358777;4033083
10331934;4019172
5837142;7402492
4951333;669670
10331934;3273342
585534;787518
1013641;3650761
785706;943335
3849139;79476
10363772;5062162
322467;42888
3754223;5530092
3639013;6204290
3652062;6260469
140111;8589210
6176521;9165143
573318;672767
1445114;2022803
1442921;494524
10179291;798082
10363390;3818235
1172267;1218704
2406615;425310
171245;2848257
31698;95454
1448613;2848257
6056194;7512811
10363772;1219279
4555703;7601004
240172;4723751
2848257;9394378
372402;6949040
1005679;5875315
3209739;7378925
2332094;3975713
6745069;7576559
2064514;634009
1584370;7262
3975713;4549053
10331934;10363772
2590870;4433348
111251;1218704
8890867;9646778
166301;26263
2937992;3378580
468;5450495
4586647;7419955
5829623;950086
155238;7378925
3650761;9936246
1052821;9836101
3705263;573318
1377;715175
2421925;3639013
4023005;6296142
1260828;2193853
42888;4546053
1493976;2438096
7598390;8263017
273315;3962135
7553572;8052933
2406615;396537
2068106;2273156
7216884;809093
1056502;4586647
2829600;315596
6071885;760361
287816;371383
2210496;6409465
1525481;811085
1172267;798082
1768228;9836101
5348175;6563111
1943676;3273342
4770403;8288311
1167668;417113
1536145;950086
483094;7677213
10363532;4616534
2759752;5547086
3187629;5645004
2317407;6765328
4275617;8677509
1740742;672767
1943676;240172
363344;6046640
156358;2142408
171766;946727
10349089;483094
10179291;9866
634009;8525
10346331;68061
1541631;4546053
10363772;3273342
3651976;8223772
130532;253237
4433348;5296904
7216884;7388044
3366218;3391420
6405673;991935
6302728;7576559
10179291;173928
357170;7018048
6765328;8263017
147214;7378925
253237;634009
1642260;4433348
380079;698552
2823813;7216884
14818;699049
2406615;672767
4988087;777820
1943676;5146805
103584;33324
1183856;3739808
10346331;7216884
663212;829644
260453;8525
6707322;7216884
2273156;3639013
10282971;10363390
4723751;7388044
2064514;613615
105719;130532
5296904;943335
10346331;5875315
1183856;2829600
2064514;5594710
10134365;1827803
31698;7216884
1493976;4988087
246103;325780
1633487;5146805
10340324;6296142
10134365;8558416
3650761;4356778
1005679;2317407
672767;700165
217367;399844
1297785;8263017
1341245;7294690
2064514;9866
5593017;9687829
325780;3705263
1690675;419884
4770403;6765328
5594710;8525
219834;732415
5823644;613615
1221092;1233221
1376648;852181
2064514;672767
3650761;645947
4144334;5662642
103584;5924269
1751865;731515
1525481;2495894
2829600;672767
10340324;2008875
1215908;3718679
3705263;777820
1005679;9563008
1438562;7598390
1132758;5738815
323199;5823644
2641587;6296142
158189;868737
10331934;1448613
1768228;4785356
2399123;9773247
1740742;425310
1740742;9014669
5594710;700165
1383831;343107
2689724;5829623
173928;2064514
412533;4144334
3617115;4990362
9014669;9866
1445114;4356778
1654770;660957
4404526;9687829
201138;7757751
260453;613615
2354108;5349674
6078550;6504249
138537;5450495
2590870;7677213
2332094;7869430
735008;878187
425310;613615
111616;3639013
10083725;10362463
1595069;9687829
190363;46809
10348242;9153733
1493976;425310
1768645;7402492
1740742;634009
29242;6974490
2354108;7165771
7111707;8544506
173854;96462
378918;811085
494524;956091
10331934;5380149
5909770;6364323
4897089;95454
3394293;8847276
1773231;3975713
714663;8792004
1403983;1595069
1522678;6078550
4723751;483094
6218518;7576559
8062498;9563008
208340;3739808
514460;583598
1740742;8525
1237070;1493976
10360771;31827
7018048;829644
1595069;5062162
380079;660957
3908832;7216884
1383831;173928
10251605;1525759
190363;79476
2554330;2643171
217367;45868
47452;834636
10164223;6278969
2590870;7388044
357170;4031291
2689724;4433348
5967271;9687829
1120448;4594825
2848257;3639013
3739808;634009
1297785;1943676
2641501;6441809
10336284;4099585
100971;2248459
217367;3639013
1730702;726447
3423981;858454
3273342;3639013
217367;2317407
1798254;801818
5855365;613615
141294;3908169
5497356;5582813
217367;6765328
1267639;5662642
10363772;2377685
122287;715175
943335;9518166
1297785;4988087
1520965;2345471
1218704;253237
6964191;77956
41827;58733
173928;315596
10349245;2377685
1699704;3650761
1297785;483094
5733602;92595
10363772;2273156
1013641;1541631
1541631;322467
5615294;5909770
186645;4515677
1297785;2317407
2785166;6708128
2979404;5645004
5835687;68061
173928;2406615
1584370;1642260
33324;698552
1774379;3319465
1642260;31698
2345471;9014669
2314545;2666257
103584;239513
3391420;6707322
10256143;6409465
31698;4770403
122287;1377
1536145;1633487
8890867;9054736
5823644;893082
1107315;9773247
1476340;1668843
1232405;1285903
1502358;5993843
153937;253237
2335377;287816
3639013;9687829
10101213;1643919
1297785;1493976
31698;9071560
8558416;9563008
1633487;1943676
1203825;1728602
10340324;838297
10179291;260453
253237;3739808
1522678;5226214
10363772;240172
10331934;399844
12637;715175
1403983;8288311
1754678;439401
10349245;3639013
1448613;3908832
208340;5855365
5146805;950086
2064514;777820
3639013;7677213
1878860;860276
6345473;6411463
1095675;897826
1728602;637714
3255771;3908832
3366218;6707322
2421925;9071560
4043781;6563111
1728602;6867251
1534649;8558416
171245;95454
111324;9687829
173928;208340
173928;325780
3349599;9901767
7087445;7228747
10179291;1183856
2725611;9518166
1493976;3739808
171245;7388044
1232405;4422911
1383831;798082
130532;893082
323388;8108735
3610253;4555703
3255771;3366218
130532;1744347
613615;777820
659203;8537830
1680823;896423
2438096;45868
10332136;7493675
2164346;2354108
2829600;798082
1237070;672767
1619869;91293
3617115;77888
111251;425310
1943676;5380149
5348175;6595389
253237;9866
1642260;9936246
3739808;672767
1943676;7216884
128204;6317347
1448613;3650761
4723751;9936246
1005679;6765328
153937;173928
1297785;95454
1297785;3639013
1341245;4031291
103584;777820
1331706;6867251
550871;9865736
585534;6032656
1633487;483094
1228432;380079
134455;305339
1493976;260453
1654770;716260
5855365;893082
2236273;5296904
1183856;8525
3366218;9936246
2641501;3390089
1285903;701798
10361286;5352747
217367;9394378
10331934;950086
2377685;3639013
4144334;5505099
5362303;6345702
4723751;5380149
1768645;883042
1059327;523965
5151456;7677213
1526452;8992060
217367;2377685
10363772;5151456
3639013;9936246
1232405;92801
2641501;3033659
10652;1463197
1285903;787518
2068106;7216884
2406615;9014669
255926;281064
5924269;9362801
4374178;7967331
1493976;5924269
45868;6078550
548488;858454
5095435;860276
1183856;208340
1642260;1943676
5384588;6260469
10179291;3705263
1744570;8196617
17825;96462
2671638;6995870
1584370;7216884
186737;3958715
798082;893082
2145986;42888
1331706;155238
3639013;5353349
153937;3705263
1285903;6211983
1013641;42888
2064514;2829600
2064514;573318
1584370;3650761
10194213;525214
4282439;512439
5158645;822933
1889462;2725611
1592898;190363
2590870;5296904
4081722;6595389
483094;5151456
238531;8208660
111324;1692113
2590870;3650761
111324;2022803
2068106;6949040
2236273;3639013
383250;727482
128286;77956
7388044;7677213
2345471;573318
1507086;1730702
253237;5855365
4023005;54208
1438562;2377685
1774379;1827803
1541631;3650761
3255771;4770403
4356778;9014669
1520965;9014669
10331934;8558416
10309056;1233221
1889462;4144334
42474;536740
1203825;7378925
2236273;2421925
4805832;5967271
1218704;1493976
3739808;8525
1176475;5455767
1520965;5594710
3228111;3344856
10331934;240172
4770403;5062162
1592066;9687829
6402938;7216884
323199;46809
701798;79476
678465;716260
2363295;936254
4805832;8558416
2345471;4356778
10346331;8558416
3639013;372402
3255771;3650761
744411;811085
2641587;6548820
2406615;893082
217367;4433348
140111;8062498
1057925;865735
3305006;4009945
10331934;1584370
1183856;246103
10363772;1403983
170917;4770403
1237070;613615
1536145;171245
2829600;893082
1960051;29242
4356778;8288311
253237;4356778
1493976;613615
2551507;5300891
4356778;8525
3650761;95454
5829623;7216884
10288604;2643171
663212;7018048
105719;9866
2236273;4723751
1405427;3650761
1573610;5450495
526959;8122315
10134365;1534649
3650761;6722439
240172;2848257
860934;9582
130532;5855365
1584370;950086
2554330;6260469
45868;5875315
325780;896093
4770403;5924269
1471445;440735
2022803;5062162
208340;8525
2650234;787518
557294;68061
173928;613615
1536145;2236273
1827803;3319465
1056502;6708128
1551299;4023005
1237070;573318
2406615;613615
159840;7111707
4785356;8491687
5615294;6364323
1323941;4023005
1833361;6071885
10288604;103510
3696068;5349674
2979404;6995870
159840;6159049
1833361;7894563
10342419;126646
217367;5924269
125707;7369740
2345471;325780
1218704;343107
10330889;1233221
1088647;1438562
2406615;9866
9362801;9563008
2590870;9394378
246103;425310
1369772;858454
749025;8714728
2554330;3652062
217367;3273342
240172;943335
2590870;5151456
613615;700165
1654770;5823644
3338197;420920
1536145;1943676
343107;762013
6025224;9386350
2770253;3070710
1237070;4356778
1520965;260453
1176475;425166
10361327;736345
10363772;2022803
10363772;3650761
8558416;8589210
787518;8223772
1889462;9518166
1448613;2236273
128204;6918884
1172267;1183856
3403235;5362303
1059327;4951333
1013641;4546053
5062162;5593017
8288311;9687829
325780;672767
1536145;5151456
1438562;1493976
231333;6687620
1176475;1623045
1642260;3650761
4897089;9071560
138537;1573610
264788;707435
10296506;10363390
1826692;8208660
2236273;483094
10348242;9054736
1960051;5619045
147214;60981
1619869;3639013
2551507;356214
551541;649076
1657036;1671966
5855365;700165
253237;798082
5706703;685554
1383831;3739808
315596;634009
10346331;2377685
1768228;532040
170917;2317407
4433348;4770403
4560482;7419955
1646303;245394
2345471;260453
2057932;756669
3494081;4501321
1692113;5967271
3975713;5348175
3610253;507678
3908832;4770403
1744347;762013
3739808;573318
3403235;5563875
1267639;4144334
1445114;3650761
241271;4000697
111251;1740742
5593017;8558416
3255771;3391420
4770403;7677213
10363772;5875315
1744347;246103
111251;9866
2590870;3639013
3650761;5829623
3908832;399844
1218704;573318
4804673;823713
1120448;330950
2848257;31698
1728602;7378925
1005679;4770403
1362558;483094
10363772;1468518
334000;6071885
6623432;758738
64215;66577
111251;1493976
15566;2166111
10349089;4023005
3639013;95454
2399123;3650761
399844;7262
323925;9165143
240172;9394378
1448613;95454
219834;878187
1183856;425310
1773231;5909770
1331706;147214
323388;663212
4549053;5615294
1655859;31827
6867251;77424
153937;2829600
10331934;4723751
190363;5450495
5823644;678465
2354108;2746479
1107315;8816403
1889462;6278969
1768645;4106278
1584370;9936246
1633487;31698
1405427;1534649
1493976;3650761
4988087;8589210
399844;4433348
1740742;9866
10323829;356214
330950;712232
1925080;8851
10331934;1297785
10015730;786319
4034338;8196617
317029;4000697
1380862;4275617
1172267;700165
315596;5594710
6022847;8640015
2377685;5143405
6563111;7117411
4023005;7216884
41827;6406160
33324;79476
6313872;9564228
3402799;645947
3828743;5615294
305807;734636
10363490;64215
10359456;10363545
9394378;9936246
1073082;7473806
3639013;943335
31698;49391
6277276;759040
25466;381660
111251;573318
105066;469635
1445114;3639013
6317347;9071560
10363772;5593017
1633487;9936246
10117418;5390120
2022803;4770403
1633487;7262
4436403;923956
161631;896423
1744347;700165
3255771;7216884
10363772;1595069
1323941;4515677
7262;7677213
10349245;4770403
391057;3962135
3908832;7388044
1218704;613615
6364323;7869430
1573610;380079
10331934;1493976
10164223;1889462
3639013;3849139
5380149;950086
325780;3639013
240172;7262
111251;1744347
468;5823644
1448613;5146805
10363772;1835769
111251;4356778
3639013;483094
399844;95454
1110663;81981
1493976;3705263
208340;5823644
3255771;5146805
171245;240172
1878860;4275617
1218704;2345471
1639409;3639013
317029;9067177
4404526;4770403
1845813;2193853
1297785;6707322
45868;777820
1228432;323199
227787;50894
103584;323199
317299;54208
164500;236679
1219279;3402799
3402799;5436953
401760;7967331
1584370;2848257
10331934;140111
2848257;95454
1536145;4433348
4275617;9256787
2354108;775309
3911629;845531
2590870;5829623
153937;798082
10331934;6078550
5823644;79476
3349599;9259948
2725611;5662642
1534649;2023360
1520965;246103
10346331;2273156
2916945;3494081
10361327;7685759
217367;3651976
3255771;950086
1341245;8108735
1520965;1744347
45868;9563008
732415;878187
10362685;9564228
2236273;4770403
1203825;3209739
8500479;8677509
10346331;6078550
166653;317029
3639013;91293
217367;2641587
10134365;442374
147214;77424
1536145;7262
2332094;3828743
31698;950086
2345471;2406615
1403983;5062162
27624;639601
2689724;3273342
6898585;7295726
45868;4988087
1584370;3273342
2399123;5825014
2317407;7414026
4356778;700165
10363984;10364017
660957;716260
1534649;2145986
1633487;95454
5296904;9394378
111251;634009
1172267;425310
2150079;3908169
130532;573318
8677509;9256787
1120448;378918
7165771;840120
6441809;85349
5619045;6974490
46809;716260
2406615;4356778
3273342;7216884
1405427;2785166
1176475;667519
4951333;523965
202871;3639013
192642;3436611
2438096;6078550
343107;798082
171245;5151456
10363772;5146805
10363772;2317407
777820;8525
103584;3639013
2236273;6707322
399844;483094
153937;425310
557294;669670
4374178;7295726
637714;7378925
2023360;317299
33324;660957
3650761;8816403
3255771;3639013
10331934;5924269
1478583;420920
130532;2064514
1584370;5146805
5629307;6825082
10331934;7677213
4422911;6211983
2590870;483094
5796213;93558
147214;637714
1107315;367429
240172;399844
3273342;399844
1383831;5823644
3074996;4368172
3705263;9014669
3639013;7525363
1703671;1751018
1341245;663212
698552;8992060
2590870;5380149
10164223;5662642
1119677;151197
1633487;240172
2648873;5505099
2829600;5823644
10346331;8062498
6296142;8155789
1380862;4195632
3922884;4522109
6278969;9518166
316371;3602209
325780;4356778
105719;798082
26263;3610253
672767;893082
147214;1728602
10331934;2421925
363344;5563875
672767;762013
9351018;9610466
4019569;5947267
171245;5380149
1297785;31698
5421414;878187
103584;8263017
153937;1740742
170917;8589210
1237070;253237
240172;3366218
701326;907436
246103;8525
1223130;736345
171245;3650761
5647941;7817509
1773231;2332094
5095435;8500479
1445114;1692113
1573610;33324
170917;777820
4586647;6708128
5594710;672767
567626;8538905
1881091;7419955
1925449;3431618
1633487;2848257
1943676;3639013
6707322;9936246
2023360;3319465
5947267;8477159
171245;4770403
101063;1645228
171245;7262
10346331;3650761
1642260;950086
1297785;1584370
367429;6504249
1013641;1167668
10364147;5111944
1525481;712232
343107;5823644
10179291;2829600
16184;42474
1889462;5662642
5593017;9343878
208340;425310
1218704;4356778
111251;672767
4369772;948953
130532;762013
4829465;5836542
7414026;9362801
101063;526959
1375586;8992060
246103;4356778
10331934;4897089
105719;634009
1380862;9256787
1827803;4023005
253237;425310
1331706;60981
399844;5151456
10330889;1221092
2037311;785706
6364323;6595389
330950;744411
3650761;5146805
1645228;7525363
1005679;8589210
634009;893082
130532;1383831
10288604;3652062
1536145;1584370
714663;7601004
173928;777820
2317407;5924269
1816514;523593
5380149;5829623
1237070;777820
217367;5875315
4861023;756669
7414026;9936246
1943676;3366218
2590870;399844
138537;33324
3255771;4433348
1005679;777820
171245;4897089
535829;5497356
2354108;412533
21728;956091
7967331;8604205
1172267;1520965
208340;5594710
4449978;9805522
105719;2829600
315596;762013
2377685;5875315
10179291;1744347
3849139;701798
716260;79476
10331934;5146805
10349245;777820
372402;5296904
700165;9014669
1826692;655297
2345471;5823644
105719;2064514
2495894;744411
1536145;2848257
425310;9014669
1835769;76961
10331934;8792004
2848257;5829623
10363434;1089309
5151456;9936246
10363772;9343878
330798;4023005
1943676;399844
5362303;6046640
10363606;1193593
1172267;9866
700165;893082
240830;323199
5829623;7677213
2064514;315596
557294;7502598
1654770;33324
4770403;9343878
3650761;5593017
2345471;777820
325780;5823644
1578429;2389051
103584;6078550
2590870;6707322
140111;2317407
4278113;991935
2641587;787518
10265828;4163576
2008875;838297
1445114;1592066
130532;9866
1493976;246103
1120448;1525481
41827;735008
103584;1297785
4356778;762013
3911629;739070
1657036;3999721
1336287;1646303
1218704;2829600
2064514;208340
137387;5189838
420920;9918583
2317407;9563008
372402;6722439
1057925;5674087
1592898;716260
7525363;8122315
2273156;372402
1237070;2406615
1438562;8589210
573318;8525
10363772;943335
10364112;1409998
3908832;5829623
10346331;1297785
9054736;9646778
1943676;5829623
1703671;9399623
2524831;5976127
1478583;6511450
357170;8108735
10363772;2068106
3975713;6364323
10363515;10363606
10323829;3120052
171245;5146805
6406160;732415
45868;5924269
378918;4594825
117788;245931
1107315;1219279
1383831;2345471
585534;8223772
5151456;5296904
6722439;7216884
155238;60981
2236273;7388044
130532;3705263
5924269;777820
1297785;6765328
10323829;5300891
111251;130532
1268598;2026819
240172;3273342
1684306;2785166
4278113;6405673
1584370;217367
5593017;5967271
1176475;1754678
2354108;579928
1881091;6708128
1383831;573318
4422911;79476
2438096;6765328
5033715;9696697
1219279;5825014
138537;190363
2594920;956091
1493976;153937
10363772;2689724
9054736;9610466
2064514;893082
1223130;1478583
526959;741037
8052933;81981
155238;77424
2335377;371383
2317407;7598390
1536145;9394378
2236273;950086
1232405;2410802
2438096;7414026
5798223;8614133
6918884;801818
2785166;7419955
2689724;4770403
10164223;419884
2236273;5829623
1228432;678465
10331934;3650761
10331934;777820
31698;483094
1522678;158189
1493976;208340
4770403;9687829
1267639;1889462
4770403;8589210
4081722;5348175
64996;6867251
10349245;9563008
2023360;54208
10360812;780485
6898585;7967331
5909770;6563111
2064514;246103
1773231;6595389
4897089;5146805
1438562;1442921
10363772;4433348
1592066;4805832
634009;9014669
315596;613615
171245;3273342
103871;528677
6406160;878187
3705263;798082
1536145;9936246
1297785;7677213
1774379;8558416
3072923;3202
4549053;7117411
4622742;7576559
1493976;5823644
1642260;2236273
1285903;7156400
10164223;1267639
26263;507678
6898585;8604205
1362558;6548820
323388;4031291
111324;5593017
1936966;2937992
246103;3739808
1633487;7216884
8062498;8589210
5855365;9014669
1218704;672767
1297785;3273342
1127871;303538
170917;8558416
170917;4988087
3922884;483094
4622742;58175
10361327;3338197
2552781;4023005
483094;9394378
2438096;5875315
1924134;42474
1119677;66214
10363772;2236273
3639013;5151456
4019172;8792004
2236273;9071560
401760;4374178
1691889;9773247
105719;111251
290782;853712
2064514;9014669
325780;8851
3828743;3975713
343107;700165
3273342;483094
893082;9014669
1445114;5593017
6974490;7644519
1744347;709159
3650761;4433348
6765328;7598390
10363772;1584370
2671638;3187629
4723751;4897089
138537;239513
260453;4356778
5450495;660957
5594710;5823644
12175;2076983
1297785;8589210
483094;9071560
26263;635925
3908832;5146805
10008950;1698144
10363772;5967271
260453;5823644
4897089;9936246
165154;81981
10134365;317299
2590870;3255771
8558416;9362801
6622162;6632271
2332094;6563111
2421925;31698
6974490;9859291
1237070;762013
128204;731515
4043781;5909770
4404526;5062162
2648873;2725611
1645228;526959
1526452;90494
3391420;4770403
3650761;4404526
3610253;635925
5594710;777820
10331934;9394378
10179291;105719
111324;4770403
367429;457092
5829623;7262
3422626;5647941
155238;1728602
194978;340023
2027169;9976790
1237070;1740742
3853711;6710056
1520965;3739808
380079;716260
1268006;4805766
343107;893082
45868;9362801
573318;777820
3639013;528129
1557594;645947
328702;865735
5829623;9936246
1057925;328702
260453;343107
10349245;8589210
1152927;814300
1534649;3650761
1744347;260453
8816403;9773247
1633487;2590870
1835769;5825014
10360812;507678
1493976;217367
3639013;7262
10349245;5875315
3828743;4043781
1005679;170917
3255771;7677213
1878860;8500479
1493976;1520965
858454;897826
1183856;5594710
4770403;7414026
2689724;5380149
4723751;5146805
29242;583598
2624812;6400214
133808;907436
1943676;9394378
1438562;3639013
1595069;9343878
10069965;10331934
253237;2829600
442374;54208
2345471;5855365
31698;7677213
171245;217367
1005679;1438562
138537;323199
8592372;9901767
103584;660957
2406615;3739808
1827803;442374
1889710;579928
3828743;7869430
208340;798082
103584;240830
3120052;356214
2317407;45868
103510;2554330
10288604;6260469
3705263;4356778
468;678465
4433348;95454
10349245;5924269
2641587;4522109
2345471;672767
2410802;3849139
138537;468
14818;22981
3189;888336
1846531;219834
1768228;8491687
1172267;173928
40653;49391
5901261;7644519
1520965;893082
10296506;5025792
3391420;9394378
1833361;760361
1383831;246103
1943676;6707322
2017491;2770253
1183856;5855365
1520965;315596
7895050;9646778
315596;798082
2236273;5151456
1297785;2590870
1228432;33324
1744570;4034338
732415;735008
1218704;130532
10333438;1221092
2643171;3652062
1534649;1684306
2573076;2822370
1692113;9343878
1438562;7414026
315596;325780
655297;8208660
1744347;208340
10349245;103584
140111;5924269
2848257;7216884
1219279;76961
2552781;3436611
31827;344411
2590870;4770403
4805832;8288311
343107;8525
1698144;3922884
1478583;7685759
5576241;6278969
5249312;7493675
5674087;7886037
2707245;2937992
2848257;3650761
2590870;4723751
425310;5823644
4770403;9563008
3922884;6296142
171245;4433348
1584370;3639013
2377685;777820
1642260;171245
3639013;6722439
5296904;785706
111324;5062162
7598390;8062498
1195321;5033715
4988087;7414026
1172267;5594710
45868;8263017
483094;5296904
168568;335567
6614695;98330
10363826;305938
1233221;8081212
504561;568036
138537;1654770
2689724;9936246
217367;8062498
1751865;6317347
4081722;5615294
10363772;68061
27926;669670
240172;950086
10360812;1646303
10363772;4723751
208340;762013
1530016;3639013
217367;5146805
10363490;66577
1520965;2829600
322467;645947
10331934;1536145
4551878;9902528
4478635;497428
46809;5450495
1331706;637714
1056502;1881091
2236273;2689724
1795050;315596
9394378;950086
2273156;9518166
1183856;2345471
4770403;703551
10331934;7262
4340135;6253494
330950;378918
2829600;5855365
4084891;4804673
2336642;396537
2317407;4770403
2008875;6548820
10340324;1362558
1889981;2829600
4897089;7262
1654770;46809
81981;8491687
7886037;865735
10363772;8816403
3366218;5296904
1943676;7388044
1228432;1654770
3975713;7117411
2037311;943335
1943676;9071560
105719;1172267
1646303;3610253
3639013;45868
1107315;6078550
190363;240830
2554330;5384588
1520965;9866
1438562;6765328
1744570;504435
1692113;3639013
217367;4897089
60981;6867251
10251605;10348743
4195632;8500479
4053416;5629307
1362558;838297
457092;777820
153937;3739808
6563111;6595389
3255771;5829623
4144334;5576241
10363852;3639013
3639013;416255
1633487;7388044
7262;7388044
3639013;4805832
1183856;573318
1493976;8816403
1218704;2064514
208340;573318
3320401;912649
6317347;6918884
6081537;6141831
698552;716260
1526452;698552
173928;3739808
528331;8477159
2064514;3705263
140111;777820
1237070;2829600
1645228;3639013
1798254;9071560
7599745;7766939
111251;1183856
529621;66832
1493976;8525
3639013;701798
217367;95454
253237;893082
1551299;3639013
1119677;1459124
373823;4282439
10348743;1525759
3178143;739070
1297785;7262
5062162;8558416
45868;7414026
1943676;3391420
4356778;5594710
2332094;6364323
6722439;785706
1005679;45868
103510;6260469
128204;1798254
6765328;777820
10363434;6623432
2332094;6595389
4770403;5151456
2438096;8062498
1493976;9014669
7598744;8544506
4530729;557294
2027169;7228747
5151456;9071560
5497356;7935
1405427;4546053
130532;1740742
134455;226638
660957;698552
246103;260453
1331706;77424
153937;5594710
6513298;912649
1228432;239513
241271;317029
4433348;7388044
1740742;3705263
1798254;6918884
1493976;1740742
340023;930064
3650761;5825014
2406615;253237
3639013;5967271
4422911;5353349
1573610;239513
10364014;10364172
10356457;10363984
3650761;4723751
1592066;3639013
4356778;613615
31698;5151456
1218704;5855365
240830;79476
173928;253237
10346331;943335
2273156;7216884
3366218;4433348
1383831;260453
2923194;6158463
3639013;8288311
10363772;95454
1943676;4770403
138537;240830
2068106;5296904
10331934;483094
1237070;153937
174077;9217158
5296904;950086
2495894;4594825
390384;993322
171245;31698
10331934;2317407
1218704;9866
202871;372402
1943676;9936246
4023005;675397
219834;5421414
1297785;2438096
4770403;5380149
1212057;877946
10309056;8081212
140111;3639013
1744347;253237
1183856;1493976
1172267;130532
483094;6707322
1827803;54208
1698144;2008875
2377685;8589210
10364017;528677
4023005;639601
4630433;8537830
2308863;8538905
10331934;3366218
10346331;170917
10348382;6825082
170917;8062498
6345473;8918426
1445114;1595069
2595251;81981
5662642;9518166
240830;468
10346331;140111
227395;50894
5296904;95454
10363532;1160791
5619045;6701462
457092;6504249
4043781;7117411
6867251;7378925
1448613;5296904
1297785;399844
111324;3639013
158189;5226214
2590870;3391420
31698;40653
58733;735008
2784806;7402492
3639013;5497356
5875315;5924269
4770403;9071560
1388872;1820007
66577;782770
1493976;4770403
3349599;8592372
2354108;947595
209081;578021
3255771;399844
3391420;4433348
5080979;5568820
190363;33324
10349245;2438096
2554330;4804673
105719;1183856
3908832;4433348
1536145;3650761
1642260;483094
76961;8816403
1493976;6765328
111324;202871
10179291;1520965
1088647;2594920
8062498;8263017
1960051;6114643
1334295;26263
3975713;4043781
4770403;950086
4031291;663212
5151456;95454
6707322;7388044
2725611;5505099
777820;798082
33324;716260
3639013;7598390
2377685;5924269
7402492;883042
153937;343107
1889710;3929133
2068106;943335
10342419;1369772
2590870;4897089
10179291;672767
1495809;4501321
1383831;208340
4019172;714663
5875315;8558416
7262;95454
7590891;8558416
10359456;10363427
419884;6278969
1228432;190363
239513;240830
7216884;7262
1172267;4356778
8263017;9563008
425310;798082
3650761;42888
15058;1621930
10363772;372402
1816514;3685160
315596;425310
1584370;5829623
27926;4951333
4770403;5146805
3908832;483094
31698;3273342
10340324;2641587
10363772;2399123
171245;3366218
1835769;2399123
1520965;8525
3366218;7216884
2110558;3423104
5256381;69973
2438096;4988087
1795050;528331
5924269;8263017
1557594;5436953
1642260;2421925
425166;439401
3308673;358832
111251;246103
1541631;42888
1536145;399844
2421925;6707322
1203825;64996
3639013;9563008
2317407;6078550
2554330;4084891
7598390;777820
50894;9122157
2421925;3273342
3255771;95454
4144334;6278969
246103;9866
3849139;787518
239513;678465
1212708;855464
2585654;6265273
246103;798082
6032656;787518
4785356;8558416
1170909;3639013
1942359;360179
3650761;6949040
3816524;698552
240172;3391420
1691889;5825014
2377685;6078550
4356778;5967271
10349245;8263017
111251;173928
3338197;6511450
5855365;798082
526301;5993843
1592898;239513
4129613;6708128
1219279;8816403
190363;660957
3705263;5594710
208340;3705263
2725611;4144334
1167668;645947
239513;33324
240172;3908832
1056502;2785166
1536145;3366218
1846531;5421414
10331934;6707322
3650761;5967271
2064514;2345471
9394378;95454
4530729;523965
5854396;6310100
325780;425310
105066;363611
173559;2023360
109974;341098
1228432;46809
2345471;8525
10346331;10349245
5924269;8589210
2438096;7598390
1526452;3816524
1692113;4356778
330950;811085
1520965;425310
373823;9335271
2785166;4129613
5380149;95454
10363772;9518166
6114643;6974490
3705263;893082
4019172;9391451
7364336;855464
1633487;3273342
4522109;483094
217367;950086
315596;672767
6765328;68061
1654770;698552
4770403;6078550
3705263;762013
2022803;5593017
1773231;4081722
217367;7216884
31698;3908832
1052821;8491687
3639013;5924269
3650761;3908832
5256381;805689
1645228;6204290
1297785;7216884
10349089;838297
103584;5875315
1218704;425310
1005679;3639013
3818235;8941339
111251;253237
4173503;9836101
1448613;4770403
2336642;2406615
4770403;6707322
1943676;2421925
138537;79476
1740742;893082
5018833;6022847
8558416;9836101
238531;3910767
1595069;5593017
2811986;877946
1493976;2064514
1203825;147214
31698;3366218
7598744;8435283
6504249;868737
8288311;9343878
1642260;3391420
10331934;171245
3124401;31827
8263017;9362801
3908832;9071560
5353349;701798
10008950;10340324
1383831;613615
4988087;9563008
4356778;5823644
173928;3705263
1881091;4586647
2399123;76961
831867;8518239
2273156;5296904
1633487;399844
10332136;5249312
1442249;1552622
171245;3255771
10179291;246103
10331934;5875315
2236273;9936246
2236273;317536
3650761;9687829
1798254;731515
7117411;7869430
5854396;6288730
10008950;4522109
1698144;4023005
1183856;2406615
1730702;290782
3650761;7262
105719;246103
5296904;7262
1438562;6078550
1943676;95454
3273342;9071560
4805832;5593017
37621;439069
3739808;9014669
240172;7388044
3739808;425310
1383831;1744347
2650234;8223772
1520965;672767
3391420;7262
4081722;6563111
1578429;4506311
10355450;568036
5855365;762013
2959490;6879446
1203825;1331706
287816;3184543
7216884;7677213
1573610;323199
1218704;8525
2689724;2848257
1889462;5576241
1478583;3338197
1297785;2377685
3650761;371756
1525481;330950
2017292;7784713
2848257;3273342
2345471;315596
140111;217367
5146805;5829623
105719;173928
1619869;34903
10316849;1089309
4129613;4560482
8263017;8558416
1943676;7677213
116642;852181
10363826;2184351
487669;6025224
4546053;645947
1943676;217367
10363772;2848257
10309056;10333438
1633487;3366218
111251;2406615
103584;8558416
4043781;6364323
3650761;5380149
10179291;2064514
1442921;2594920
1445114;9687829
1526452;4560482
15058;5663952
317299;3319465
1438562;8558416
103584;1573610
5080979;541725
3651976;6032656
1112998;127984
316371;76971
1827803;2023360
1671966;3999721
777820;8263017
2776956;907436
1228432;138537
1323941;186645
173928;5823644
1275021;715175
10342419;897826
3273342;6707322
1654770;190363
1773231;7117411
1218704;700165
3423981;548488
3833987;6710056
2406615;2829600
1183856;3705263
1943676;4723751
10360812;166301
1493976;672767
173559;4023005
1642260;7216884
10179291;208340
626071;751023
1448613;7388044
25086;597617
1584370;5380149
10346331;9362801
1405427;1541631
10331934;3255771
260453;5855365
1584370;483094
1520965;700165
12637;1377
5226214;6504249
5619045;9859291
343107;3705263
240830;698552
1005679;140111
60981;77424
2406615;8525
1127871;1296987
1960051;6701462
609896;6614695
2236273;3366218
10179291;315596
10069965;8792004
31698;3391420
1744347;2829600
762013;777820
1943676;483094
1633487;9394378
155238;6867251
1633487;171245
357170;829644
3391420;95454
3391420;3639013
1008658;514609
1573610;698552
468;79476
4404526;5593017
10346331;8589210
10363772;111324
105719;343107
3403235;81045
10363532;5629307
1642260;9394378
217367;240172
7087445;9976790
1341245;7018048
1059327;557294
2689724;7262
153937;777820
317299;4023005
3650761;8558416
1951398;2785166
5025792;8941339
1740742;1744347
1429460;6441809
3975713;6563111
10015730;5798223
10331934;4988087
1223130;3338197
116642;317464
10363772;4805832
1493976;8062498
2438096;8263017
5645004;6995870
4897089;6707322
10363772;1536145
10164223;5505099
492616;5196362
341098;756669
2332094;5909770
7525363;7784713
10331934;9391451
68061;9362801
1595069;4770403
1692113;8288311
1183856;260453
15566;2354108
10331934;1438562
1334295;1646303
130532;246103
111251;8525
5062162;9343878
3639013;809093
343107;573318
10363771;10364112
133808;701326
5593017;8288311
1816514;3399824
1493976;315596
111251;2064514
1960051;9859291
1282980;1889710
1922238;1936966
3816524;8992060
8890867;9610466
10101213;8052933
5823644;672767
3962135;5063477
101063;551541
6595389;7869430
246103;5855365
217367;8558416
4897089;5296904
6405673;8353601
1297785;5380149
10359056;10361222
10346331;7598390
3705263;700165
4053416;4616534
4506311;7829021
208340;634009
1403983;9343878
523965;5835687
2017292;4478635
158189;6078550
1223130;9918583
127984;6218518
1493976;3639013
10363772;2421925
7216884;737574
111251;9014669
3391420;5296904
1493976;45868
1889462;419884
9071560;950086
335467;3929133
325780;5594710
3319465;442374
1835769;9773247
1740742;3739808
3849139;4422911
140111;2438096
317299;442374
6824976;7943990
4804673;5384588
2022803;3650761
2377685;8263017
2689724;3650761
3754223;5565503
5380149;6707322
10331934;4770403
2829600;777820
1740742;5594710
2037311;3650761
3124401;7515089
1448613;9936246
1728602;3209739
6707322;9394378
10331934;7601004
5594710;9014669
5875315;9362801
2116445;4144334
5909770;7869430
507678;635925
2979404;998606
10363772;6722439
33324;380079
1744347;2406615
1005679;8263017
51953;689382
1172267;893082
1099265;4296245
1297763;7993771
2317407;8263017
